BCP Code	Name	Endonym
prd	Parsi-Dari	(فارسی (دری
aku	Akum	aakuem
sma	Southern Sami	åarjelsaemien gïele
apj	Jicarilla Apache	Abáachi mizaa
tpn	Tupinambá	abáñe&#x27;enga
ace	Achinese	Aceh
act	Achterhoeks	Achterhooks
adb	Adabe	Adabe
so	Somali	Af-Soomaali
aal	Afade	afaë
aa	Afar	Afar-af
af	Afrikaans	Afrikaans
agq	Aghem	Aghem
acv	Achumawi	Ajúmmááwí
ppi	Paipai	aka&#x27;ala
ak	Akan	Akan
bss	Akoose	Akoose
kpo	Ikposo	Akpɔssɔ
ess	Yupik	Akuzipigestun
alc	Qawasqar	alacalufe
aro	Araona	alaōna
akz	Alabama	Albaamo innaaɬiilka
abe	Western Abnaki	Alnôbak
goh	Old High German	Althochdeutsch
aaz	Amarasi	Amarasi
ami	Amis	Amis
smn	Inari Sami	anarâškielâ
alq	Algonquin	Anicinàbemowin
ojw	Western Ojibwa	Anihšināpēmowin (Nakawēmowin)
blo	Anii	anii kagɩja
ciw	Chippewa	Anishinaabemowin
ojb	Northwestern Ojibwa	Anishinaabemowin (Ojibwemowin)
ojc	Central Ojibwa	Anishinaabemowin (Ojibwemowin)
xmv	Tankarana Malagasy	antankarana
qul	North Bolivian Quechua	Apulu qhichwa simi
an	Aragonese	aragonés
kyh	Karok	Araráhih
qus	Santiago del Estero Quichua	Arhintinap runasimin
rup	Aromanian	Armãneascã
ast	Asturian	asturianu
tay	Atayal	Atayal
atj	Atikamekw	Atikamekw
aht	Ahtena	Atnakenaege’
uby	Ubykh	atʷaχəbza
auv	Occitan - Auvergnat	Auvernhat
gug	Paraguayan Guaraní	avañe’ẽ
gn	Guarani	Avañe&#x27;ẽ
ae	Avestan	avesta
agr	Aguaruna	awajun
agu	Aguacateco	awakateko
ay	Aymara	Aymar aru
az	Azerbaijani	Azərbaycan
azj	North Azerbaijani	azərbaycan
kgr	Abun	bahasa A Nden
abz	Abui	bahasa Abui
adn	Adang	bahasa Adang
kwh	Kowiai	bahasa Adi
tdj	Tajio	bahasa Adijo
adr	Adonara	bahasa Adonara
air	Airoran	bahasa Adora
ulf	Usku	bahasa Afra
ahh	Aghu	bahasa Aghu
tty	Sikaritai	bahasa Aikwakai
sbt	Kimki	bahasa Aipki
kwe	Kwerba	bahasa Airmati
ljl	Li'o	bahasa Aku
pdo	Padoe	bahasa Alalao
afz	Obokuitai	bahasa Aliki
aol	Alor	bahasa Alor
alp	Alune	bahasa Alune
amk	Ambai	bahasa Ambai
amv	Ambelau	bahasa Ambelau
akc	Mpur	bahasa Amberbaken
msl	Poule	bahasa Ampas
uhn	Damal	bahasa Amung
akg	Anakalangu	bahasa Anakalangu
kuc	Kwinsu	bahasa Ansudu
and	Ansus	bahasa Ansus
pni	Aoheng	bahasa Aoheng
apx	Aputai	bahasa Aputai
jbj	Arandai	bahasa Arandai
agf	Arguni	bahasa Arguni Bay
bpg	Bonggo	bahasa Armopa
aos	Taikat	bahasa Arso
atk	Ati	bahasa Ati
auu	Auye	bahasa Auye
awh	Awbono	bahasa Awbono
awr	Awera	bahasa Awera
auw	Awyi	bahasa Awje
psa	Asue Awyu	bahasa Awyu Asue
awy	Edera Awyu	bahasa Awyu Edera
awv	Jair Awyu	bahasa Awyu Jair
aws	South Awyu	bahasa Awyu selatan
yir	North Awyu	bahasa Awyu utara
ert	Eritai	bahasa Babiruwa
bhz	Bada	bahasa Bada&#x27;
bqb	Bagusa	bahasa Bagusa
zbt	Batui	bahasa Baha
bdw	Baham	bahasa Baham
bsu	Bahonsuai	bahasa Bahonsuai
bbf	Baibai	bahasa Baibai
sre	Sara	bahasa Bakati’ Sara
lra	Rara Bakati'	bahasa Bakati&#x27;Rara
bls	Balaesang	bahasa Balaisang
blz	Balantak	bahasa Balantak
huw	Hukumina	bahasa Bambaa
bgz	Banggai	bahasa Banggai
mfb	Bangka	bahasa Bangka
bnq	Bantik	bahasa Bantik
baj	Barakai	bahasa Barakai
brs	Baras	bahasa Baras
bvt	Bati	bahasa Bati
btj	Bacanese Malay	bahasa Batjan
bay	Batuley	bahasa Batuley
byl	Bayono	bahasa Bayono
bed	Bedoanas	bahasa Bedoanas
ire	Iresim	bahasa Beduba
ebc	Beginci	bahasa Beginci
bep	Besoa	bahasa Behoa
bgy	Benggoi	bahasa Benggoi
bnu	Bentong	bahasa Bentong
bfe	Tena	bahasa Betaf
itx	Itik	bahasa Betef
yet	Yetfa	bahasa Biaksi
bth	Biatah Bidayuh	bahasa Biatah
sdo	Bukar-Sadung Bidayuh	bahasa Bidayuh Bukar-Sadong
bhc	Biga	bahasa Biga
bpz	Bilba	bahasa Bilba
bhp	Bima	bahasa Bima
bgv	Warkay-Bipim	bahasa Bipim
bqq	Biritai	bahasa Biri
yki	Yoke	bahasa Bitovondo
beu	Blagar	bahasa Blagar
bzn	Boano	bahasa Boano
bgb	Bobongko	bahasa Bobongko
tbp	Taworta	bahasa Bok
bld	Bolango	bahasa Bolango
blj	Bolongan	bahasa Bolongan
bnv	Edwas	bahasa Bonerif
bzu	Burmeso	bahasa Boromeso
bup	Busoa	bahasa Bosoa
bdx	Budong-Budong	bahasa Budong-Budong
bfn	Bunak	bahasa Bunak
bti	Burate	bahasa Burate
aip	Burumakok	bahasa Burumakok
cml	Campalagian	bahasa Campalagian
liw	Col	bahasa Col
dbe	Dabe	bahasa Dabe
dkk	Dakka	bahasa Dakka
dms	Dampelas	bahasa Dampelas
tad	Tause	bahasa Darha
row	Dela-Oenale	bahasa Dela-Oenale
dem	Dem	bahasa Dem
tfo	Tefaro	bahasa Demba
dei	Demisa	bahasa Demisa
dmy	Sowari	bahasa Demta
dnk	Dengka	bahasa Dengka
kbv	Dera	bahasa Dera
nfa	Dhao	bahasa Dhao
diy	Diuwe	bahasa Diuwe
dbf	Edopi	bahasa Dosobou
tds	Doutai	bahasa Doutai
dup	Duano	bahasa Duano
dbn	Duriankere	bahasa Duriankere
dsn	Dusner	bahasa Dusner
duw	Dusun Witu	bahasa Dusun Witu
duv	Duvle	bahasa Duvde
ekg	Ekari	bahasa Ekari
emb	Embaloh	bahasa Embaloh
enr	Emumu	bahasa Emumu
eno	Enggano	bahasa Enggano
tti	Tobati	bahasa Enggros
erw	Erokwanas	bahasa Erokwanas
etz	Semimi	bahasa Etna Bay
fau	Fayu	bahasa Fayu
flh	Foau	bahasa Foau
frd	Fordata	bahasa Fordata
txe	Totoli	bahasa Gage
gbi	Galela	bahasa Galela
gak	Gamkonora	bahasa Gamkonora
gay	Gayo	bahasa Gayo
gei	Gebe	bahasa Gebe
gef	Gerai	bahasa Gerai
grs	Gresi	bahasa Geresi
gzn	Gane	bahasa Giman
gop	Yeretuar	bahasa Goni
gor	Gorontalo	bahasa Gorontalo
hji	Haji	bahasa Haji
hmu	Hamap	bahasa Hamap
heg	Helong	bahasa Helong
hti	Hoti	bahasa Hoti
hap	Hupla	bahasa Hupla
ibu	Ibu	bahasa Ibu
ihp	Iha	bahasa Iha
ihb	Iha Based Pidgin	bahasa Iha Based Pidgin
sob	Sobei	bahasa Imasi
bzb	Andio	bahasa Imbao’o
szp	Suabo	bahasa Inanwatan
srl	Isirawa	bahasa Isirawa
inl	Indonesian Sign Language	Bahasa Isyarat Indonesia
iwo	Iwur	bahasa Iwoer
jel	Yelmek	bahasa Jab
tnm	Tabla	bahasa Jakari
nps	Nipsan	bahasa Jale Selatan
jet	Manem	bahasa Jeti
jbr	Jofotek-Bromnya	bahasa Jofotek-Bromnya
xau	Kauwera	bahasa Kabera
klz	Kabola	bahasa Kabola
kpu	Kafoa	bahasa Kafoa
kzb	Kaibobo	bahasa Kaibobo
tcq	Kaiy	bahasa Kaiy
kzu	Kayupulau	bahasa Kajupulau
kly	Kalao	bahasa Kalao
kzx	Kamarian	bahasa Kamarian
kgx	Kamaru	bahasa Kamaru
xbr	Kambera	bahasa Kambera
kgq	Kamoro	bahasa Kamoro
kcd	Ngkâlmpw Kanum	bahasa Kanum Ngkalmpw
kxq	Smärky Kanum	bahasa Kanum Smarky
krz	Sota Kanum	bahasa Kanum Sota
kax	Kao	bahasa Kao
khp	Kapori	bahasa Kapauri
kgv	Karas	bahasa Karas
nxr	Ninggerum	bahasa Kasiwa
vkk	Kaur	bahasa Kaur
bpp	Kaure	bahasa Kaure
xay	Kayan Mahakam	bahasa Kayan Mahakam
ksx	Kedang	bahasa Kedang
khh	Kehu	bahasa Kehu
kdy	Keijar	bahasa Keijar
kzi	Kelabit	bahasa Kelabit
kyo	Kelon	bahasa Kelon
kem	Kemak	bahasa Kemak
xkw	Kembra	bahasa Kembra
xkl	Mainstream Kenyah	bahasa Kenyah
xky	Uma' Lasan	bahasa Kenyah Barat
whk	Wahau Kenyah	bahasa Kenyah Wahau
xte	Ketengban	bahasa Ketengban
ktt	Ketum	bahasa Ketum
ues	Kioko	bahasa Kioko
kiy	Kirikiri	bahasa Kirikiri
vko	Kodeoha	bahasa Kodeoha
kod	Kodi	bahasa Kodhi
kpi	Kofei	bahasa Kofei
kvv	Kola	bahasa Kola
tyn	Kombai	bahasa Kombai
kvh	Komodo	bahasa Komodo
kzv	Komyandaret	bahasa Komyandaret
knd	Konda	bahasa Konda
kdw	Koneraw	bahasa Koneraw
kjk	Highland Konjo	bahasa Konjo Pegunungan
opk	Kopkaka	bahasa Kopka
kpq	Korupun-Sela	bahasa Korapun
xkq	Koroni	bahasa Koroni
kiq	Kosare	bahasa Kosare
kkl	Kosarek Yale	bahasa Kosarek
sdq	Semandang	bahasa Kualan-Semandang
kvb	Kubu	bahasa Kubu
kvd	Kui	bahasa Kui
tpg	Kula	bahasa Kula
xks	Kumbewaha	bahasa Kumbewaha
kjr	Kurudu	bahasa Kurudu
kwr	Kwer	bahasa Kwer
xwr	Kwerba Mamberamo	bahasa Kwerba Mamberamo
kkb	Kwerisa	bahasa Kwerisa
kwt	Kwesten	bahasa Kwesten
lbw	Tolaki	bahasa Laki
slp	Lamaholot	bahasa Lamaholot
lmr	Lamalera	bahasa Lamalera
lmq	Lamatuka	bahasa Lamatuka
lmy	Lamboya	bahasa Lamboya
lev	Lamma	bahasa Lamma
ljp	Lampung Api	bahasa Lampung Api
law	Lauje	bahasa Lauje
lur	Laura	bahasa Laura
lcc	Legenyem	bahasa Legenyem
lmj	West Lembata	bahasa Lembata Barat
lmf	South Lembata	bahasa Lembata Selatan
lgi	Lengilu	bahasa Lengilu
lpe	Lepki	bahasa Lepki
lvu	Levuka	bahasa Levuka
lwe	Lewo Eleng	bahasa Lewo Eleng
lix	Liabuku	bahasa Liabuku
lio	Liki	bahasa Liki
loe	Saluan	bahasa Loinang
lcd	Lola	bahasa Lola
llq	Lolak	bahasa Lolak
llg	Lole	bahasa Lole
lce	Loncong	bahasa Loncong
lox	Loun	bahasa Loun
lnd	Lundayeh	bahasa Lun Bawang
slz	Ma'ya	bahasa Ma&#x27;ya
mgf	Maklew	bahasa Maklew
mvd	Mamboru	bahasa Mamboru
xmm	Manado Malay	bahasa Manado
mqr	Mander	bahasa Mander
mqy	Manggarai	bahasa Manggarai
mnx	Manikion	bahasa Mantion
mpy	Mapia	bahasa Mapia
mvr	Marau	bahasa Marau
mrx	Maremgi	bahasa Maremgi
ism	Masimasi	bahasa Masimasi
mvs	Massep	bahasa Massep
xmt	Matbat	bahasa Matbat
mgk	Mawes	bahasa Mawes
mej	Meyah	bahasa Meax
mfp	Makassar Malay	bahasa Melayu Makassar
pmy	Papuan Malay	bahasa Melayu Papua
mfa	Pattani Malay	Bahasa Melayu Patani
zsm	Standard Malay	bahasa Melayu Standard
mwv	Mentawai	bahasa Mentawai
mvx	Meoswar	bahasa Meoswar
mnu	Mer	bahasa Mer
kgw	Karon Dori	bahasa Miyah
kja	Mlap	bahasa Mlap
nbn	Kuri	bahasa Modan
mxd	Modang	bahasa Modang
mxn	Moi	bahasa Moi
had	Hatam	bahasa Moile
mmb	Momina	bahasa Momina
mqf	Momuna	bahasa Momuna
msg	Moraid	bahasa Moraid
mzq	Mori Atas	bahasa Mori Atas
xmz	Mori Bawah	bahasa Mori Bawah
mok	Morori	bahasa Morori
mth	Munggui	bahasa Munggui
rmh	Murkim	bahasa Murkim
nxx	Nafri	bahasa Nafri
nae	Naka'ela	bahasa Naka’ela
nkj	Nakai	bahasa Nakai
nir	Nimboran	bahasa Namblong
naa	Namla	bahasa Namla
npy	Napu	bahasa Napu
nxu	Narau	bahasa Narau
nsy	Nasal	bahasa Nasal
ums	Pendau	bahasa Ndaoe
nqm	Ndom	bahasa Ndom
nec	Nedebang	bahasa Nedebang
nxg	Ngad'a	bahasa Ngada
szb	Ngalum	bahasa Ngalum
nbq	Nggem	bahasa Nggem
nil	Nila	bahasa Nila
raz	Rahambuu	bahasa Noihe
nni	North Nuaulu	bahasa Nuaulu Utara
nul	Nusa Laut	bahasa Nusa Laut
oni	Onin	bahasa Onin
orz	Ormu	bahasa Ormu
ury	Orya	bahasa Orya
ple	Palu'e	bahasa Palue
psn	Panasuan	bahasa Panasuan
pas	Papasena	bahasa Papasena
ppm	Papuma	bahasa Papuma
plh	Paulohi	bahasa Paulohi
pel	Pekal	bahasa Pekal
pee	Taje	bahasa Petapa
sko	Seko Tengah	bahasa Pohoneang
pmo	Pom	bahasa Pom
puc	Punan Merap	bahasa Punan Merap
pru	Puragi	bahasa Puragi
pby	Pyu	bahasa Pyu
rac	Rasawa	bahasa Rasawa
rth	Ratahan	bahasa Ratahan
reb	Rembong	bahasa Rembong
ret	Retta	bahasa Retta
ran	Riantana	bahasa Riantana
rir	Ribun	bahasa Ribun
rgu	Ringgou	bahasa Ringgou
ror	Rongga	bahasa Rongga
rnn	Roon	bahasa Roon
sda	Toraja-Sa'dan	bahasa Sa&#x27;dan
tmj	Samarokena	bahasa Samarkena
scg	Sanggau	bahasa Sanggau
xmx	Maden	bahasa Saparan
spr	Saparua	bahasa Saparua
spi	Saponi	bahasa Saponi
srt	Sauri	bahasa Sauri
sao	Sause	bahasa Sause
swr	Saweru	bahasa Saweru
swt	Sawila	bahasa Sawila
skx	Seko Padang	bahasa Seko Padang
sws	Seluwasan	bahasa Seluwasan
xse	Sempan	bahasa Sempan
spb	Sepa	bahasa Sepa
sve	Serili	bahasa Serili
srw	Serua	bahasa Serua
bkl	Berik	bahasa Sewan Teteris
ski	Sika	bahasa Sikka
skh	Sikule	bahasa Sikule
wul	Silimo	bahasa Silimo
smr	Simeulue	bahasa Simeulue
ssq	So'a	bahasa So&#x27;a
tsg	Tausug	Bahasa Sūg
wew	Wejewa	bahasa Sumba Barat
su	Sundanese	bahasa Sunda
eip	Eipomek	bahasa T-Valley
mky	East Makian	bahasa Taba
tby	Tabaru	bahasa Tabaru
twy	Tawoyan	bahasa Taboyan
rob	Tae'	bahasa Tae&#x27;
mvv	Tagal Murut	bahasa Tagal Murut
tlv	Taliabu	bahasa Taliabo
tlk	Taloki	bahasa Taloki
tln	Talondo'	bahasa Talondo’
txn	West Tarangan	bahasa Tarangan Barat
tre	East Tarangan	bahasa Tarangan Timur
tve	Te'un	bahasa Te’un
twg	Tereweng	bahasa Tereweng
twu	Termanu	bahasa Termanu
tft	Ternate	bahasa Ternate
tmg	Ternateño	bahasa Ternateño
twe	Tewa	bahasa Tewa
tvo	Tidore	bahasa Tidore
txq	Tii	bahasa Tii
tlb	Tobelo	bahasa Tobelo
tdn	Tondano	bahasa Tolou
tdi	Tomadino	bahasa Tomadino
tnw	Tonsawang	bahasa Tonsawang
toy	Topoiyo	bahasa Topoiyo
kvz	Tsaukambo	bahasa Tsaukambo
aoz	Uab Meto	bahasa Uab Meto
udj	Ujir	bahasa Udjir
mtg	Una	bahasa Una
woi	Kamang	bahasa Woisika
wtw	Wotu	bahasa Wotu
jmd	Yamdena	bahasa Yamdena
yva	Yawa	bahasa Yawa
jei	Yei	bahasa Yei
jax	Jambi Malay	bahaso Melayu Jambi
bhv	Bahau	Bahau
bdj	Bai	Bairt⤧ngvrt⤧zix
bdl	Indonesian Bajau	Bajo
bm	Bambara	Bamanankan
bac	Badui	basa Baduy
ban	Balinese	Basa Bali
bjn	Banjar	Basa Banjar
nkr	Nukuoro	basa de henua
bpq	Banda Malay	basa Indonesia Banda
kge	Komering	Basa Kumoring
mak	Makasar	Basa Mangkasaraʼ
bug	Buginese	basa Ogi
osi	Osing	basa Osing
smw	Sumbawa	Basa Samawa
kvr	Kerinci	Basê Kincai
mui	Musi	Basé Musi
min	Minangkabau	Baso Minangkabau
kkv	Kangean	Bĕsa Kangėan
bew	Betawi	Betawi
kaw	Kawi	Bhāṣa Kawi
mad	Madurese	Bhâsa Madhurâ
bik	Bikol	Bicol
sje	Pite Sami	bidumsámegiella
bcl	Central Bikol	Bikol Sentral
smk	Bolinao	Binubulinaw
bi	Bislama	Bislama
bar	Bavarian	Boarisch
nb	Norwegian Bokmål	Bokmål
abr	Abron	Bono
dtp	Central Dusun	boros Kadazandusun
bs	Bosnian	bosanski
br	Breton	Brezhoneg
bfi	British Sign Language	British Sign Language
bnn	Bunun	Bunun
bas	Basa	Ɓàsàa
abl	Lampung Nyo	Caba Abbung
mfy	Mayo	Caíta
caw	Callawalla	Callawalla
rmq	Caló	caló
ca	Catalan	català
kio	Kiowa	Cáuijo̱:gà
cch	Atsam	Cawai
ceb	Cebuano	Cebuano
cs	Czech	čeština
cho	Choctaw	Chahta
ch	Chamorro	Chamorru
quy	Ayacucho Quechua	Chanka runasimi
cbk	Chavacano	Chavacano
ure	Uru	chhiw lüsñchi chhun
ny	Chichewa	chiCheŵa
cic	Chickasaw	Chikasha
lun	Lunda	chiLunda
kde	Makonde	Chimakonde
chn	Chinook jargon	Chinuk Wawa
cap	Chipaya	Chipay taqu
sn	Shona	chiShona
tog	Tonga	chiTonga
tum	Tumbuka	Chitumbuka
yao	Yao	chiYao
tao	Yami	ciriciring no Tao
sei	Seri	Cmiique Iitom
co	Corsican	corsu
caa	Chortí	čorti&#x27;
cnr	Montenegrin	crnogorski
cy	Welsh	Cymraeg
dag	Dagbani	Dagbanli
tuo	Tucano	Dahseyé
dak	Sioux	Dakȟótiyapi
da	Danish	dansk
se	Northern Sami	davvisámegiella
koy	Koyukon	Denaakk’e
tfn	Tanaina	Denaʼina Qenaga
xsl	South Slavey	Dené Dháh
kkz	Kaska	Dene Dzage
chp	Chipewyan	Dëne Sųłıné Yatıé
de	German	Deutsch
sgg	Swiss-German Sign Language	Deutschschweizer Gebärdensprache
lut	Lushootseed	Dəxʷləšucid
luo	Dholuo	Dholuo
zai	Isthmus Zapotec	Diidxazá&#x27;
nv	Navajo	Diné bizaad
tue	Tuyuca	Docapúaraye
dsb	Lower Sorbian	dolnoserbšćina
na	Nauruan	dorerin Naoero
dhv	Drehu	drehu
dua	Duala	duálá
bea	Beaver	Dunne-za
tca	Ticuna	Duüxügu
eee	E	E
pbh	E'ñapa Woromaipu	E’ñapa Woromaipu
bdc	Emberá-Baudó	Êbêrâ &#x27;Βe&#x27;dea
bin	Edo	Ẹ̀dó
ekk	Standard Estonian	eesti
et	Estonian	eesti
efi	Efik	Efik
ext	Extremaduran	Ehtremeñu
guz	Gusii	Ekegusii
vmw	Makhuwa	emakhuwa
egl	Emilian	emigliàṅ
ang	Old English	Englisc
en	English	English
es	Spanish	español
eo	Esperanto	Esperanto
eu	Basque	Euskara
ee	Ewe	Eʋegbe
ewo	Ewondo	ewondo
afh	Afrihili	Ɛl-Afrihili
rtm	Rotuman	Fäeag Rotuḁm
to	Tonga	Faka Tonga
fax	Fala	Fala
fan	Fang	Fang
hif	Fiji Hindi	Fiji Baat
fil	Filipino	Filipino
fvr	Fur	fòòr
chk	Chuukese	fóósun Chuuk
fo	Faroese	føroyskt
fon	Fon	fɔ̀ngbè
fr	French	français
frk	Frankish	Fränkisch
ofs	Old Frisian	Frysk
fuv	Nigerian Fulfulde	Fulani
ff	Fulah	Fulfulde
fur	Friulian	furlan
gaa	Ga	Gã
ga	Irish	Gaeilge
gv	Manx	Gaelg
sm	Samoan	Gagana fa&#x27;a Sāmoa
tkl	Tokelauan	gagana Tokelau
gag	Gagauz	Gagauz dili
gd	Scottish Gaelic	Gàidhlig
gl	Galician	galego
tvl	Tuvaluan	gana Tuvalu
snn	Siona	Gantëya coca
gsc	Gascon	gascon
aln	Gheg Albanian	gegnisht
kgg	Kusunda	Gemehaq gipan
bbj	Ghomálá'	Ghɔmálá’
ki	Kikuyu	Gĩkũyũ
git	Gitxsan	Gitx̱sanimx̱
cay	Cayuga	Goyogo̱hó:nǫ’
guw	Gun	Gungbe
gwi	Gwichʼin	Gwich´in
hei	Heiltsuk	hailhzaqvla
haa	Hän	Hän
cad	Caddo	Hasí:nay
bbc	Batak Toba	Hata Batak
ha	Hausa	Hausa
hur	Halkomelem	Hǝn̓q̓ǝmin̓ǝm̓
myp	Pirahã	Hi&#x27;aiti&#x27;ihi&#x27;
bez	Bena	Hibena
arp	Arapaho	Hinono&#x27;eitiit
hid	Hidatsa	hiraacá
ho	Hiri Motu	Hiri Motu
nlc	Nalca	Hmanggona
hmn	Hmong languages	Hmoob
tpy	Trumai	ho kod ke
hps	Hawai'i Pidgin Sign Language	Hoailona ʻŌlelo o Hawaiʻi
hop	Hopi	Hopilàvayi
hsb	Upper Sorbian	Hornjoserbšćina
hr	Croatian	hrvatski
csq	Croatia Sign Language	hrvatski znakovni jezik
sh	Serbo-Croatian	hrvatskosrpski
auc	Waorani	Huao Terero
umu	Munsee	hulŭniixsuwáakan
hrx	Hunsrik	Hunsrickisch
jup	Hupdë	Hupdë
geh	Hutterite German	Hutterisch
haw	Hawaiian	ʻōlelo Hawaiʻi
eya	Eyak	I.ya.q
bem	Bemba	ichibemba
ncs	Nicaraguan Sign Language	Idioma de Señas de Nicaragua
io	Ido	Ido
ig	Igbo	Igbo
rw	Kinyarwanda	Ikinyarwanda
rn	Rundi	Ikirundi
ilo	Iloko	Ilokano
hil	Hiligaynon	Ilonggo
akl	Aklanon	Inakeanon
id	Indonesian	Indonesia
quf	Lambayeque Quechua	Inkawasi-Kañaris qichwashimi
moe	Montagnais	innu-aimun
ia	Interlingua	Interlingua
ie	Interlingue	Interlingue
ik	Inupiaq	Iñupiatun
sto	Stoney	Isga Iʼabi
ceg	Chamacoco	Ishír
sbp	Sangu	Ishisangu
nr	South Ndebele	IsiNdebele
xh	Xhosa	isiXhosa
zu	Zulu	isiZulu
is	Icelandic	Íslenska
icl	Icelandic Sign Language	íslenskt táknmál
ruo	Istro Romanian	istroromånă
it	Italian	Italiano
chc	Catawba	Iyeye
izh	Ingrian	ižoran keeli
iba	Iban	jaku Iban
bsn	Barasana-Eduria	Jãnerã - Eduria Oca
jv	Javanese	Jawa
suk	Sukuma	Jìsùgǔmà
dyu	Dyula	Julakan
smj	Lule Sami	julevsámegiella
jam	Jamaican Creole English	Jumiekan Patwa
jut	Jutish	Jysk
dih	Kumiai	K&#x27;miai
ksk	Kansa	Kaáⁿze
kbp	Kabiyè	Kabɩyɛ
kea	Kabuverdianu	kabuverdianu
kyn	Northern Binukidnon	Kadul·an
kaj	Jju	Kaje
mh	Marshallese	Kajin M̧ajeļ
kjv	Kaikavian Literary Language	Kajkavski
kkj	Kako	kakɔ
kl	Greenlandic	Kalaallisut
kln	Kalenjin	Kalenjin
spy	Sabaot	Kalenjin
aoc	Pemon	kamarakotos
kgp	Kaingang	kanhgág
moh	Mohawk	Kanienʼkéha
ycr	Yilan Creole	Kankei
kr	Kanuri	kanuri
nmt	Namonuito	kapahan Nómwonweité
pam	Kapampangan	Kapampángan
mrl	Mortlockese	kapasen Mwoshulók
woe	Woleaian	kapetali Weleya
trv	Taroko	Kari Seediq
krl	Karelian	karjala
qvc	Cajamarca Quechua	Kashamarkapa qichwashimi
csb	Kashubian	kaszëbsczi
kcg	Tyap	Katab
zhn	Nong Zhuang	kauq Noangz
puw	Puluwatese	kepehen Pwolowat
stw	Satawalese	kepesaen Saetaewan
kw	Cornish	Kernewek
ken	Kenyang	Kɛnyaŋ
kha	Khasi	Khasi
naq	Nama	Khoekhoegowab
ebu	Kiembu	Kĩembu
rof	Rombo	Kihorombo
kam	Kamba	Kikamba
kic	Kickapoo	kikapú
kg	Kongo	kikongo
jmc	Machame	Kimachame
mer	Meru	Kĩmĩrũ
cps	Capiznon	Kinapisnon
krj	Kinaray-A	Kinaray·a
nym	Nyamwezi	Kinyamwezi
asa	Asu	Kipare
rwk	Rwa	Kiruwa
saq	Samburu	Kisampur
ksb	Shambala	Kishambaa
sw	Swahili	Kiswahili
swh	Coastal Swahili	kiswahili
dav	Taita	Kitaita
teo	Teso	Kiteso
lag	Langi	Kɨlaangi
ksh	Kölsch	Kölsch
kos	Kosraean	Kosrae
avk	Kotava	Kotava
lou	Louisiana Creole French	Kouri-Vini
cyo	Cuyonon	Koyonon
khq	Koyra Chiini Songhay	Koyra ciini
ses	Koyraboro Senni Songhai	Koyraboro senni
kpe	Kpelle	Kpɛlɛɛ
xpe	Liberia Kpelle	Kpɛlɛɛ
rcf	Réunion Creole French	Kréol Rénioné
ht	Haitian Creole	Kreyòl ayisyen
kri	Krio	Krio
gcr	Guianese Creole French	Kriyòl Gwiyannen
kut	Kutenai	Ktunaxa
dyo	Jola-Fonyi	kujóolay
ku	Kurdish	Kurdî (Kurmancî)
kmr	Northern Kurdish	Kurmancî
cup	Cupeño	Kuupangaxwichem
kxv	Jatapu	kuvi
fkv	Kven Finnish	kvääni
tem	Timne	KʌThemnɛ
kwi	Awa-Cuaiquer	Kwaiker
kwk	Kwakiutl	Kwak̓wala
nmg	Kwasio	Kwasio
acf	Saint Lucian Creole French	kwéyòl
coc	Cocopa	Kwikapa
vun	Vunjo	Kyivunjo
cry	Cori	Kyoli
quc	Quiché	Kʼicheʼ
jbo	Lojban	la .lojban.
ldn	Láadan	Láadan
lhu	Lahu	Ladhof
lld	Ladin	ladin
lkt	Lakota	Lakȟólʼiyapi
mkj	Mokilese	lal in Mwoakilloa
sfb	Langue des signes de Belgique Francophone	langue des signes de Belgique francophone
fsl	French Sign Language	langue des signes française
fcs	Quebec Sign Language	langue des signes québécoise
ltg	Latgalian	Latgališu
la	Latin	latina
lv	Latvian	latviešu
lvs	Standard Latvian	latviešu
lzz	Laz	Lazuri
wls	Wallisian	Lea faka&#x27;uvea
doh	Dong	leec Gaeml
kpg	Kapingamarangi	leelee Kilinid
lms	Limousin	Lemosin
del	Delaware	Lënape
lnc	Languedocien	Lengadocian
ssp	Spanish Sign Language	lengua de signos española
lb	Luxembourgish	Lëtzebuergesch
nia	Nias	Li Niha
tet	Tetum	Lia-tetun
lt	Lithuanian	Lietuvių
lij	Ligurian	Ligure
li	Limburgish	Limburgs
bdr	West Coast Bajau	ling Sama
ln	Lingala	Lingála
tli	Tlingit	Lingít
lfn	Lingua Franca Nova	lingua franca nova
psr	Portuguese Sign Language	língua gestual portuguesa
liv	Livonian	līvõ kēļ
olo	Livvi	Livvinkarjala
qvs	San Martín Quechua	llakwash runasimi
csc	Llengua de Signes Catalana	llengua de signes catalana
lom	Loma	Lö(g)ömàgòòi
pif	Pingelapese	lokaehiah Pingelap
arw	Arawak	Lokono
lmo	Lombard	Lombard
luq	Lucumi	Lucumí
lg	Ganda	Luganda
bxk	Lubukusu	Luluhia
luy	Luyia	Luluhia
pre	Principense	lunguyê
lud	Ludian	lüüdi
lua	Luba-Lulua	lwaà:
hsl	Hausa Sign Language	Maganar hannu
hu	Hungarian	magyar
pon	Pohnpeian	mahsen en Pohnpei
vmf	Mainfränkisch	Mainfränkisch
mgh	Makhuwa-Meetto	Makua
mg	Malagasy	Malagasy
plt	Plateau Malagasy	Malagasy
mt	Maltese	Malti
mid	Mandaic	Mandāyì
rar	Rarotongan	Māori Kūki &#x27;Āirani
arn	Mapuche	Mapudungun
myy	Macuna	Masa ye
srq	Sirionó	mbia cheë
boa	Bora	Meamuyna
fit	Tornedalen Finnish	meänkieli
isv	Interslavic	Medžuslovjansky
ruq	Megleno Romanian	meglenoromană
ms	Malayic	Melayu
mrw	Maranao	Mëranaw
mgo	Meta'	metaʼ
men	Mende	Mɛnde
mhn	Mócheno	mhn
mic	Mi'kmaq	Mi&#x27;gmaq
crg	Michif	Michif
enm	Middle English	Middle English
mnz	Moni	Milano
rej	Rejang	Miling Hêjang
mwl	Mirandese	mirandês
lus	Lushai	Mizo ṭawng
acn	Achang	Mönghsa
mos	Mossi	Mòoré
mfe	Morisyen	morisyin
adj	Adioukrou	mɔjukru
bmr	Muinane	Muìnánɨ
mua	Mundang	MUNDAŊ
mtq	Muong	Mường
mus	Creek	Mvskokē
mia	Miami	myaamia
nci	Classical Nahuatl	Nāhuatlahtōlli
pcm	Nigerian Pidgin	Naijá
asb	Assiniboine	Nakʰóda
gum	Guambiano	namuy wam
pbb	Páez	Nasa Yuwe
jgo	Ngomba	Ndaꞌa
apw	Apache	Ndéé biyáti&#x27;
ng	Ndonga	Ndonga
yrl	Nhengatu	ñe&#x27;engatú
nl	Dutch	Nederlands
pot	Potawatomi	Neshnabémwen (Bodéwadmimwen)
nzs	New Zealand Sign Language	New Zealand Sign Language
clm	Klallam	nəxʷsƛʼayʼəmʼúcən
tuv	Turkana	Ng&#x27;aturk(w)ana
wuh	Wutunhua	Ngandehua
nnh	Ngiemboon	Ngiembɔɔn
yad	Yagua	Nijyamïï Nikyejaada
yme	Yameo	Nijyamïï Nikyejaada
ncg	Nisga'a	Nisǥa’a
otw	Ottawa	Nishnaabemwin (Daawaamwin)
ojg	Eastern Ojibwa	Nishnaabemwin (Jibwemwin)
mbr	Nukak Makú	Nɨkák náu&#x27;
thp	Thompson	Nłeʼkepmxcin
nap	Neapolitan	nnapulitano
nys	Nyunga	Noongar
frr	North Frisian	Nordfriisk
nrf	Jèrriais	Normaund
non	Old Norse	norrǿna
no	Norwegian	norsk
nsl	Norwegian Sign Language	norsk tegnspråk
nov	Novial	Novial
yav	Yangben	nuasue
opm	Oksapmin	nuxule meŋ
com	Comanche	nʉmʉ tekwapʉ̱
nn	Norwegian Nynorsk	Nynorsk
uzn	Northern Uzbek	o‘zbek
ood	Tohono O'odham	O&#x27;odham
uz	Uzbek	O&#x27;zbek
ann	Obolo	Obolo
oc	Occitan	Occitan
xog	Soga	Olusoga
mez	Menominee	Omāēqnomenew
ono	Onondaga	Onǫta’kéka’
see	Seneca	Onõtowáka
one	Oneida	Onʌyota’a:ka
gaz	West Central Oromo	Oromoo
om	Oromo	Oromoo
nyo	Nyoro	Orunyoro
ttj	Tooro	Orutooro
kj	Kwanyama	Oshikwanyama
asq	Austrian Sign Language	Österreichische Gebärdensprache
hz	Herero	Otsiherero
abu	Abure	ɔbule ɔyʋɛ
mas	Masai	ɔl Maa
sey	Secoya	Paikoka
qvp	Pacaraos Quechua	Pakaraw runasimi
pfl	Pfaelzisch	Pälzisch
cub	Cubeo	pãmié
pag	Pangasinan	Pangasinán
pap	Papiamento	Papiamentu
ppu	Papora	Papora
aap	Pará Arára	Parirí
frp	Francoprovençal	patoué
pzh	Pazeh	Pazeh
pdc	Pennsylvania German	Pennsylvanisch Deitsch
pqm	Malecite-Passamaquoddy	Peskotomuhkati
pcd	Picard	picard
pms	Piedmontese	Piemontèis
pis	Pijin	Pijin
pwn	Paiwan	Pinayuanan
pyu	Puyuma	Pinuyumayan
pih	Pitcairn-Norfolk	Pitkern
nds	Low Saxon	Plattdütsch
pdt	Plautdietsch	Plautdietsch
pbv	Pnar	Pnar
pl	Polish	polski
pt	Portuguese	português
pro	Old Provençal	Proensals
prv	Provencal	provençau
prg	Prussian	Prūsiska
fuc	Pulaar	Pulaar
pox	Polabian	Pülabsťĕ
fuf	Pular	Pular
qxp	Puno Quechua	punu qichwa simi
pfa	Pááfang	pworausen Pááféng
klj	Turkic Khalaj	Qalayce
qu	Quechua	Qhichwa
tob	Toba	Qom
quh	South Bolivian Quechua	Qullasuyu qhichwa simi
tar	Central Tarahumara	Ralámuli
sov	Sonsorol	ramari Dongosaro
tox	Tobian	ramari Hatohobei
rap	Rapanui	rapanui
cal	Carolinian	Refaluwasch
ksf	Bafia	rikpa
ro	Romanian	română
rmy	Vlax Romani	Romani
rom	Romany	Romani chib
rme	Angloromani	Romanichal
rmf	Kalo Finnish Romani	Romanó Kaló
cgg	Chiga	Rukiga
rgn	Romagnol	Rumagnòl
rm	Romansh	rumantsch
quz	Cusco Quechua	Runasimi
nyn	Nyankole	Runyankore
mhq	Mandan	Rų́ʼeta:re
sms	Skolt Sami	sääʹmǩiõll
srm	Saramaccan	Saamáka
sxu	Upper Saxon	Sächsisch
ari	Arikara	sáhniš
ssy	Saho	Saho
scs	North Slavey	Sahtúǫt’ı̨ne Yatı̨́
szy	Sakizaya	Sakizaya
coo	Comox	Saɬuɬtxʷ
sg	Sango	Sängö
xsu	Sanumá	Sanöma
sc	Sardinian	sardu
src	Logudorese Sardinian	sardu
sdc	Sassarese Sardinian	Sassaresu
sli	Lower Silesian	schläsche Sproache
swg	Swabian	Schwäbisch
gsw	Swiss German	Schwiizertüütsch
sco	Scots	Scots
shs	Shuswap	Secwepemctsin
stq	Saterfriesisch	Seeltersk
cht	Cholón	Seeptsá
srr	Serer	Seereer
seh	Sena	sena
nso	Northern Sotho	Sepedi
st	Southern Sotho	seSotho
tn	Tswana	seTswana
sjw	Shawnee	Shaawanwaʼ
kiu	Common Kirmanjki	Shar Ma
sec	Sechelt	Shashishalhem
sth	Shelta	Shelta
zun	Zuni	Shiwi’ma
sq	Albanian	Shqip
bax	Bamun	Shüpamom
scn	Sicilian	Sicilianu
sid	Sidamo	Sidámo
loz	Lozi	siLozi
nd	North Ndebele	Sindebele
rmo	Sinte Romani	Sinto
fos	Siraya	Siraya
ss	Swati	siSwati
hib	Hibito	Šiwi
tus	Tuscarora	Skarù∙rę’
szl	Silesian	ślōnski
sk	Slovak	slovenčina
sl	Slovenian	slovenščina
lil	Lillooet	Sƛ’aƛ’imxǝc
tsi	Tsimshian	Sm’algyax̣
snk	Soninke	Soninkanxaane
shh	Shoshone	Sosoni&#x27;
sus	Susu	Sosoxui
srn	Sranan Tongo	Sranang Tongo
xsv	Sudovian	Sūdaviskai
sfs	South African Sign Language	Suid-Afrikaanse Gebaretaal
fi	Finnish	suomi
tru	Turoyo	Surayt
sri	Siriano	Sʉraya
sv	Swedish	svenska
swl	Swedish Sign Language	svenskt teckenspråk
rrm	Moriori	Ta Rē Moriori
tbw	Tagbanwa	tabanawa
shy	Tachawit	Tacawit
gil	Gilbertese	Taetae ni Kiribati
tl	Tagalog	Tagálog
tgx	Tagish	Tāgizi
tpv	Tanapag	Talaabwogh
tzl	Talossan	Talossan
tht	Tahltan	Tāłtān
ttq	Tawallammat Tamajaq	Tamajǝx
kab	Kabyle	Taqbaylit
rif	Tarifit	Tarifit
twq	Tasawaq	Tasawaq senni
ttt	Tat	Tati, тати
mi	Māori	te reo Māori
ty	Tahitian	te reo Tahiti
isg	Irish Sign Language	Teanga Chomharthaíochta na hÉireann
pau	Palauan	tekoi ra Belau
ssf	Thao	Thaw a lalawa
yap	Yapese	thin ni Waqab
nus	Nuer	Thok Nath
din	Dinka	Thuɔŋjäŋ
vi	Vietnamese	tiếng Việt
coj	Cochimi	Tipai
tlh	tlhIngan-Hol	tlhIngan Hol
dgr	Dogrib	Tłįchǫ
taq	Tamasheq	tmahq
tpi	Tok Pisin	Tok pisin
tok	Toki Pona	toki pona
als	Tosk Albanian	Toskë
cbd	Carijona	tsahá
chy	Cheyenne	Tsêhést
sek	Sekani	Tsek’ehne
lu	Luba-Katanga	Tshiluba
ve	Venda	tshiVenḓa
clc	Chilcotin	Tŝinlhqut’in
tr	Turkish	Türkçe
tk	Turkmen	Türkmençe
tw	Twi	twi
sju	Ume Sami	ubmejesámiengiälla
umb	Umbundu	Úmbúndú#
ale	Aleut	Unangax tunuu
urh	Urhobo	Urhobo
vot	Votic	vaďďa
niu	Niuean	Vagahau Niuē
za	Zhuang	Vahcuengh
zyb	Yongbei Zhuang	Vahcuengh
vec	Venetian	Vèneto
vep	Veps	vepsä
vgt	Vlaamse Gebarentaal	Vlaamse Gebarentaal
vo	Volapük	Volapük
vor	Voro	Voro
vro	Võro	võro
fj	Fijian	vosa Vakaviti
qub	Huallaga Huánuco Quechua	Wallaqa rimay
wa	Walloon	walon
wae	Walser	Walser
pui	Puinave	Wãnsöhöt
war	Waray	Waray-waray
wbp	Warlpiri	Warlpiri
was	Washo	wáꞏšiw ʔítlu
fy	Western Frisian	West-Frysk
vls	Vlaams	West-Vlams
wep	Westphalien	Westfäölsk
des	Desano	Winá
hto	Minica Huitoto	Witoto mɨnɨca
bcr	Babine	Witsuwit&#x27;en
wiy	Wiyot	Wiyot
wo	Wolof	Wolof
wym	Wymysorys	Wymysiöeryś
has	Haisla	X̄a&#x27;’islak̓ala
hai	Haida	X̲aat Kíl
oca	Ocaina	Xáfahxajoh&#x27;
ts	Tsonga	Xitsonga
str	Straits Salish	xʷsenəčqən
uli	Ulithian	yal’ool Yiuldiy
ame	Yanesha'	Yanešač
guu	Yanomamö	Yanomamɨ
wca	Yanomámi	Yąnomamɨ
qux	Yauyos Quechua	Yawyu runasimi
gdm	Laal	yəw láà:l
yo	Yoruba	Yorùbá
esu	Central Yupik	Yugtun
adt	Adnyamathanha	Yura Ngawarla
dje	Zarma	zarmaciine
zza	Zazaki	Zazaki
zea	Zeeuws	Zeêuws
sgs	Samogitian	Žemaitiu ruoda
cim	Cimbrian	Zimbrisch
xam	/Xam	ǀXam
grc	Ancient Greek	Ἀρχαία ἑλληνική
el	Modern Greek	ελληνικά
gmy	Mycenaean Greek	Μυκηναϊκή ελληνική
pnt	Pontic	ποντιακά
cop	Coptic	ϯⲙⲉⲧⲣⲉⲙⲛ̀ⲭⲏⲙⲓ
abq	Abaza	абаза
av	Avaric	авар
agx	Aghul	агъул
ady	Adyghe	адыгэбзэ
alt	Altay	Алтай
ab	Abkhazian	Аԥсшәа
ba	Bashkir	башҡортса
kap	Bezhta	Бежкьа
be	Belarusian	беларуская
bua	Buriat	буряад
bg	Bulgarian	български
bqn	Bulgarian Sign Language	Български жестомимичен език
inh	Ingush	гӏалгӏай
dar	Dargwa	дарган
dlg	Dolgan	Дулҕан
tg	Tajik	забони тоҷикӣ
os	Ossetian	Ирон ӕвзаг
itl	Itelmen	Итэнмэн
xas	Kamas	калмажи шəкə
sjd	Kildin Sami	кӣллт са̄мь кӣлл
kv	Komi	коми
kpv	Komi-Zyrian	Коми кыв
kdr	Karaim	Къарай
krc	Karachay-Balkar	Къарачай-Малкъар
jct	Krymchak	Кърымчах
kum	Kumyk	Къумукъ
crh	Crimean Tatar	Къырым Татар
kbd	Kabardian	Къэбэрдей
ky	Kyrgyz	кыргызча
kk	Kazakh	қазақша
kaa	Kara-Kalpak	қарақалпақша
lbe	Lak	Лакку маз
lez	Lezghian	Лезги чIал
ckt	Chukot	Ԓыгъоравэтԓьэн йиԓыйиԓ
mk	Macedonian	македонски
mns	Mansi	ма̄ньси
chm	Mari	марий
mrj	Western Mari	Мары йӹлмӹ
mdf	Moksha	мокша
mn	Mongolian	монгол
rut	Rutul	мыхаӀбишды чӀел
ulc	Ulch	Нāн&#x27;и хэсэни
gld	Nanai	нанай
nio	Nganasan	нганасаны
niv	Gilyak	нивхгу
nog	Nogai	Ногайша
ce	Chechen	нохчийн
kpy	Koryak	нымылг&#x27;эн йилыйыл, чав&#x27;чывэн йилыйил
mhr	Eastern Mari	олык марий
paq	Parya	Парйа
koi	Komi-Permyak	перым-коми
rue	Rusyn	русин
rsk	Ruthenian	Руски
ru	Russian	русский
sjt	Ter Sami	са̄мя кӣлл
sah	Yakut	Саха
sr	Serbian	српски
tab	Tabassaran	табасаран
tt	Tatar	Татарча
kim	Karagas	Тоъфа
tyv	Tuvinian	Тыва
udi	Udi	удин
udm	Udmurt	удмурт
uk	Ukrainian	українська
ukl	Ukrainian Sign Language	українська жестова мова
uum	Urum	Урум
kjh	Khakas	Хакасча
khk	Halh Mongolian	Халх аялгуу
xal	Kalmyk	хальмг
kca	Khanty	ханты
dng	Dungan	Хуэйзў йүян (Huejzw jyian)
ddo	Tsez	цез
cu	Old Church Slavonic	церковнослове́нскїй
tkr	Tsakhur	цӀаӀхна миз
cv	Chuvash	Чӑваш
sel	Selkup	шӧльӄумыт
cjs	Shor	Шор
eve	Even	эвэды
evn	Evenki	Эвэды̄ турэ̄н
myv	Erzya	эрзя
ykg	Northern Yukaghir	ԝадул
sva	Svan	ლუშნუ
xmf	Mingrelian	მარგალური
ka	Georgian	ქართული
hyw	Armenian, Western	արեւմտահայերէն
xcl	Classical Armenian	գրաբար
hy	Armenian	հայերեն
yi	Yiddish languages	יידיש
ydd	Eastern Yiddish	‫ייִדיש‬
lad	Ladino	לאדינו
he	Hebrew	עברית
hbo	Ancient Hebrew	עִבְרִית מִקְרָאִית
smp	Samaritan	עברית שומרונית
jge	Judeo-Georgian	קיברולי
sdt	Shuadit	שואדית
xpu	Punic	𐤃𐤁𐤓𐤉𐤌 𐤐𐤍𐤉𐤌
azb	South Azerbaijani	آذربایجان دیلی
haz	Hazaragi	آزرگی
ug	Uyghur	ئۇيغۇر
ur	Urdu	اردو
pks	Pakistan Sign Language	اشارہ
ary	Moroccan Arabic	الداريجة
apc	Levantine Arabic	‫العامية‬
ar	Arabic	العربية
arb	Modern Standard Arabic	العربية الفصحى
acx	Omani Arabic	اللهجات العمانية
ayh	Hadrami Arabic	اللهجة الحضرمية
uzs	Southern Uzbek	اوزبیک تورکچه
bej	Beja	بداوية
brh	Brahui	براہوئی
bsk	Burushaski	بُرُݸشسکݵ
bft	Balti	بلتی
bcc	Southern Balochi	بلوچی
bgn	Western Balochi	‫بلوچی [رخشانی]‬
bal	Baluchi	بلۆچی
aib	Ainu	پارىس
phl	Phalura	پالُولہ
pbu	Northern Pashto	‫پښتو‬
ps	Pashto	پښتو
tly	Talysh	تؤلشه زوؤن
shi	Tachelhit	تشلحيت
trw	Torwali	توروالی
mzb	Tumzabt	تومزابت
aeb	Tunisian Arabic	تونسي
jdg	Jadgali	جَدگَالِي
chg	Chagatai	جغتای
dmk	Domaaki	داوودی
gbz	Zoroastrian Dari	دَرِي
arq	Algerian Arabic	دريرية
prs	Dari	دری
bqi	Bakhtiari	زون بَختیاری
skr	Saraiki	سرائیکی
sd	Sindhi	سِنڌِي
ckb	Central Kurdish	سۆرانی
swb	Maore Comorian	شِقُمُرِ
scl	Shina	ݜݨیاٗ
sts	Shumashti	ݭمݭتی
aec	Saidi Arabic	صعيدي
sqr	Siculo Arabic	صقلية عربية
xaa	Andalusian Arabic	عربية أندلسية
fa	Persian	فارسی
pes	Iranian Persian	فارسی
qxq	Qashqa'i	قشقایی
ks	Kashmiri	کٲشُر
kls	Kalasha	کالاشا موندر
khw	Khowar	کھووار
sdh	Southern Kurdish	‫کوردی خوارگ‬
glk	Gilaki	گيلکي
luz	Southern Luri	لری دۊمنی
ota	Ottoman Turkish	لسان عثمانى
jos	Jordanian Sign Language	لغة الإشارة الأردنية
lki	Laki	له کی له کستان
abv	Baharna Arabic	لهجة بحرانية
shu	Chadian Arabic	لهجة تشادية
acm	Mesopotamian Arabic	لهجة عراقية
lrc	Northern Luri	‫لۊری شومالی‬
mzn	Mazanderani	مازرونی
mxi	Mozarabic	مُزَرَب
arc	Imperial Aramaic	ܐܪܡܝܐ
sam	Samaritan Aramaic	ܐܪܡܝܐ
amw	Western Neo-Aramaic	ܐܪܡܝܬ, آرامي
cld	Chaldean Neo-Aramaic	ܟܠܕܝܐ
syc	Classical Syriac	ܠܫܢܐ ܣܘܪܝܝܐ
syr	Syriac	ܣܘܪܝܝܐ
aii	Assyrian Neo-Aramaic	ܣܘܪܝܝܐ ܣܘܪܝܬ,ܐܬܘܪܝܐ ܣܘܪܝܝܐ
dv	Maldivian	ދިވެހިބަސް
nqo	N'Ko	‫ߒߞߏ‬
tzm	Central Atlas Tamazight	ⵜⴰⵎⴰⵣⵉⵖⵜ
zgh	Standard Moroccan Tamazight	ⵜⴰⵎⴰⵣⵉⵖⵜ
byn	Blin	ብሊን
tig	Tigre	ትግሬ
ti	Tigrinya	ትግርኛ
am	Amharic	አማርኛ
wal	Wolaytta	ወላይታቱ
stv	Silt'e	የስልጤ
gez	Geez	ግዕዝ
anp	Angika	अंगिका
awa	Awadhi	अवधी
xnr	Kangri	कांगड़ी
kfy	Kumaoni	कुमाऊँनी
kok	Konkani languages	कोंकणी
gbm	Garhwali	गढ़वळि
cdh	Chambeali	चम्बयाली
dgo	Common Dogri	डोगरी
doi	Dogri languages	डोगरी
dty	Dotyali	डोटेली
sck	Sadri	नागपुरी
ne	Nepali languages	नेपाली
npi	Common Nepali	नेपाली
new	Newari	नेवाः भाय्
pi	Pali	पालि
nwc	Old Newari	पुलाङ्गु नेपाल भाय्
brx	Bodo	बोडो
bht	Bhattiyali	भटियाली
bha	Bharia	भरीयाटी
bhb	Bhili	भीली
bho	Bhojpuri	भोजपुरी
mag	Magahi	मगही
mr	Marathi	मराठी
mwr	Marwari	मारवाड़ी
mai	Maithili	मैथिली
mup	Malvi	राजस्थानी
raj	Rajasthani	राजस्थानी
kte	Nubri	लार्क्या भोटे
loy	Loke	ल्होवा
cls	Classical Sanskrit	संस्कृत भाषा
sa	Sanskrit	संस्कृतम्
psu	Sauraseni Prākrit	सोरसेणी पाइअ
bgc	Haryanvi	हरियाणवी
hi	Hindi	हिन्दी
as	Assamese	অসমীয়া ভাষা
ctg	Chittagonian	চাঁটগাঁইয়া
rkt	Rangpuri	দেশী
bn	Bengali	বাংলা
bpy	Bishnupriya	বিষ্ণুপ্রিয়া মণিপুরী
mni	Manipuri	মৈতৈলোন্
pa	Punjabi	ਪੰਜਾਬੀ
pnb	Western Panjabi	ਪੰਜਾਬੀ
lah	Panjabic	ਲਹਿੰਦੀ
kfr	Kachchi	કચ્છી
gu	Gujarati	ગુજરાતી
or	Oriya languages	ଓଡ଼ିଆ
ory	Oriya	ଓଡ଼ିଆ
ta	Tamil	தமிழ்
tcx	Toda	தோதா
bfq	Badaga	படக பாஷை
te	Telugu	తెలుగు
kn	Kannada	ಕನ್ನಡ
gom	Goan Konkani	ಕೊಂಕಣಿ
knn	Maharashtri Konkani	ಕೊಂಕಣಿ
kfa	Kodava	ಕೊಡವ
tcy	Tulu	ತುಳು
ml	Malayalam	മലയാളം
si	Sinhala	සිංහල
syl	Sylheti	ꠍꠤꠟꠐꠤ ꠝꠣꠔ
xtq	Tumshuqese	𑀕𑁆𑀬𑀸𑀰𑁆𑀤𑀺
th	Thai	ไทย
tts	Northeastern Thai	ภาษาอีสาน
lo	Lao	ພາສາລາວ
blt	Tai Dam	ꪼꪕꪒꪾ
bo	Tibetan	བོད་སྐད་
peh	Bonan	མ་ནི་སྐད་ཅི
zau	Zangskari	ཟངས་དཀར
sip	Sikkimese	འབྲས་ལྗོངས་སྐད་
dz	Dzongkha	རྫོང་ཁ་
adx	Amdo Tibetan	ཨ་མདོའི་སྐད།
lif	Limbu	ᤛᤡᤖᤡᤈᤨᤅ
shn	Shan	တႆး
kjp	Pwo Eastern Karen	ဖၠုံဘာႋသာ့ဆ်ုခၠါင်
mnw	Mon	ဘာသာမန်
my	Burmese	မြန်မာဘာသာ
rhg	Rohingya	‫𐴌𐴗𐴥𐴝𐴙𐴚𐴒𐴙𐴝‬
ccp	Chakma	𑄌𑄋𑄴𑄟𑄳𑄦
kxm	Northern Khmer	ខ្មែរលើ
km	Khmer	ភាសាខ្មែរ
tdd	Tai Nüa	ᥖᥭᥰᥖᥬᥳᥑᥨᥒᥰ
nod	Northern Thai	ᨣᩤᩴᨾᩮᩬᩥᨦ
cja	Western Cham	ꨌꩌ
sas	Sasak	ᬪᬵᬲᬵᬲᬓ᭄ᬱᬓ᭄
mnc	Manchu	ᠮᠠᠨᠵᡠ ᡤᡳᠰᡠᠨ
sjo	Xibe	ᠰᡞᠪᡝ ᡤᡞᠰᡠᠨ
sat	Santali	ᱥᱟᱱᱛᱟᱲᱤ
chr	Cherokee	ᏣᎳᎩ
osa	Osage	𐓏𐓘𐓻𐓘𐓻𐓟
ike	Eastern Canadian Inuktitut	ᐃᓄᒃᑎᑐᑦ
iu	Inuktitut	ᐃᓄᒃᑎᑐᑦ
cr	Cree	ᐃᔨᔨᐤ ᐊᔨᒧᐎᓐ&#x27;
oj	Ojibwa	ᐊᓂᐦᔑᓈᐯᒧᐎᓐ
ojs	Severn Ojibwa	ᐊᓂᔑᓂᓂᒧᐎᓐ (Anishininiimowin)
caf	Southern Carrier	ᑕᗸᒡ
crx	Carrier	ᑕᗸᒡ
csw	Swampy Cree	ᓀᐦᐃᓇᐍᐏᐣ
crk	Plains Cree	ᓀᐦᐃᔭᐍᐏᐣ
nsk	Naskapi	ᓇᔅᑲᐱ
bla	Blackfoot	ᓱᖽᐧᖿ
vai	Vai	ꕙꔤ
zkg	Koguryo	고구려어
oko	Old Korean	고대 한국어
cia	Cia-Cia	바하사 찌아찌아
jje	Jejueo	제주말
okm	Middle Korean	중세 한국어
kvk	Korean Sign Language	한국 수화 언어
ko	Korean	한국어
ain	Ainu	アイヌ イタㇰ
kzg	Kikai	シマユミタ
yox	Yoron	ユンヌフトゥバ
ii	Sichuan Yi	ꆈꌠꉙ
lis	Lisu	ꓡꓲ-ꓢꓴ
hoc	Ho	𑢹𑣉𑣉 𑣎𑣋𑣜
hnj	Mong Njua	𞄀𞄄𞄰𞄩𞄍𞄜𞄰
xld	Lydian	𐤮𐤱𐤠𐤭𐤣𐤶𐤯𐤦𐤳
ett	Etruscan	𐌓𐌀𐌔𐌍𐌀
akk	Akkadian	𒀝 𒅗 𒁺 𒌑
sux	Sumerian	𒅴𒂠
hit	Hittite	𒌷𒉌𒅆𒇷
egy	Egyptian	𓂋𓏤𓈖𓆎𓅓𓏏𓊖
txg	Tangut	𗼇𗟲
yoi	Yonaguni	与那国物言
csl	Chinese Sign Language	中國手語
zh	Chinese languages	中文
tss	Taiwan Sign Language	台灣手語
wuu	Wu Chinese	吳語
hni	Hani	哈尼語
hak	Hakka Chinese	客家話
ehs	Miyakubo Sign Language	宮窪手話
xug	Kunigami	山原言葉
czh	Huizhou Chinese	徽州话
slr	Salar	撒拉语
lzh	Literary Chinese	文言文
jsl	Japanese Sign Language	日本手話
ja	Japanese	日本語
cjy	Jinyu Chinese	晋语
cmn	Mandarin Chinese	普通话
ryu	Okinawan	沖縄口
yue	Yue Chinese	粵語
cpx	Pu-Xian Chinese	莆仙語
gan	Gan Chinese	贛語
nan	Min Nan Chinese	閩南語
cdo	Min Dong Chinese	閩東語
mnp	Min Bei Chinese	闽北